rank,prev_rank,rider,team,points,manager
1,2,DEL TORO Isaac,UAE Team Emirates - XRG,852,Dave
2,65,SCHMID Mauro,Team Jayco AlUla,540,
3,40,ANDRESEN Tobias Lund,Decathlon CMA CGM Team,525,
4,14,SCARONI Christian,XDS Astana Team,523,Campbell
5,6,EVENEPOEL Remco,Red Bull - BORA - hansgrohe,520,Andy
6,49,CHRISTEN Jan,UAE Team Emirates - XRG,474,Tim
7,78,TIBERI Antonio,Bahrain - Victorious,465,
8,99,SEIXAS Paul,Decathlon CMA CGM Team,434,Mike
9,89,MORGADO António,UAE Team Emirates - XRG,420,
10,26,JORGENSON Matteo,Team Visma | Lease a Bike,411,Cameron
11,58,JOHANNESSEN Tobias Halland,Uno-X Mobility,409,
12,3,VINGEGAARD Jonas,Team Visma | Lease a Bike,388,Nick
13,28,GRÉGOIRE Romain,Groupama - FDJ United,386,Andy
14,62,PELLIZZARI Giulio,Red Bull - BORA - hansgrohe,385,Campbell
15,7,PIDCOCK Thomas,Pinarello Q36.5 Pro Cycling Team,373,Cameron
16,30,BRENNAN Matthew,Team Visma | Lease a Bike,360,Andy
17,31,MARTINEZ Lenny,Bahrain - Victorious,335,Dave
18,117,ROMEO Iván,Movistar Team,333,
19,8,VAN DER POEL Mathieu,Alpecin-Premier Tech,330,Mike
20,21,VINE Jay,UAE Team Emirates - XRG,328,Nick
21,490,MARTÍNEZ Daniel Felipe,Red Bull - BORA - hansgrohe,323,
22,95,TEJADA Harold,XDS Astana Team,312,
23,250,ZANA Filippo,Soudal Quick-Step,308,
24,19,MILAN Jonathan,Lidl - Trek,302,Campbell
25,107,PLAPP Luke,Team Jayco AlUla,300,
26,101,GROENEWEGEN Dylan,Unibet Rose Rockets,292,
27,42,MEEUS Jordi,Red Bull - BORA - hansgrohe,278,
28,60,BUITRAGO Santiago,Bahrain - Victorious,270,
29,500,STEINHAUSER Georg,EF Education - EasyPost,264,
30,16,VAUQUELIN Kévin,INEOS Grenadiers,261,Dave
31,43,YATES Adam,UAE Team Emirates - XRG,256,Andy
32,138,RONDEL Mathys,Tudor Pro Cycling Team,255,
33,214,VENDRAME Andrea,Team Jayco AlUla,249,
34,113,LAPEIRA Paul,Decathlon CMA CGM Team,240,
35,4,ALMEIDA João,UAE Team Emirates - XRG,237,Andy
36,12,AYUSO Juan,Lidl - Trek,232,Nick
37,179,FEDOROV Yevgeniy,XDS Astana Team,225,
38,1,POGAČAR Tadej,UAE Team Emirates - XRG,225,Joe
39,55,ARANBURU Alex,Cofidis,222,
40,51,KUBIŠ Lukáš,Unibet Rose Rockets,208,
41,937,KRON Andreas,Uno-X Mobility,204,
42,41,GIRMAY Biniam,NSN Cycling Team,204,Dave
43,329,BRENNER Marco,Tudor Pro Cycling Team,203,
44,431,VINOKUROV Nicolas,XDS Astana Team,202,
45,276,PITHIE Laurence,Red Bull - BORA - hansgrohe,201,
46,1529,GRISEL Matys,Lotto Intermarché,192,
47,32,ROGLIČ Primož,Red Bull - BORA - hansgrohe,190,Cameron
48,438,VAN DIJKE Tim,Red Bull - BORA - hansgrohe,188,
49,87,RICCITELLO Matthew,Decathlon CMA CGM Team,187,
50,306,VLASOV Aleksandr,Red Bull - BORA - hansgrohe,186,
51,260,LAMPERTI Luke,EF Education - EasyPost,185,Geminiani's Hipsters
52,187,LEKNESSUND Andreas,Uno-X Mobility,180,
53,263,COBO Iván,Equipo Kern Pharma,177,
54,229,TESFATSION Natnael,Movistar Team,174,
55,11,MAGNIER Paul,Soudal Quick-Step,171,Mike
56,140,COQUARD Bryan,Cofidis,170,
57,125,SOLER Marc,UAE Team Emirates - XRG,168,
58,519,SWEENY Harry,EF Education - EasyPost,167,
59,230,DE SCHUYTENEER Steffen,Lotto Intermarché,167,
60,94,SHEFFIELD Magnus,INEOS Grenadiers,167,
61,20,PHILIPSEN Jasper,Alpecin-Premier Tech,163,Tim
62,262,ARRIETA Igor,UAE Team Emirates - XRG,161,
63,224,IZAGIRRE Ion,Cofidis,159,
64,66,GODON Dorian,INEOS Grenadiers,158,
65,152,VERNON Ethan,NSN Cycling Team,157,
66,623,PESCADOR Diego,Movistar Team,156,
67,86,MULUBRHAN Henok,XDS Astana Team,154,
68,75,KANTER Max,XDS Astana Team,151,
69,319,CHARMIG Anthon,Uno-X Mobility,148,
70,27,GALL Felix,Decathlon CMA CGM Team,148,Dave
71,73,FRETIN Milan,Cofidis,147,
72,202,COSTIOU Ewen,Groupama - FDJ United,144,
73,215,GILMORE Brady,NSN Cycling Team,142,
74,148,MOLANO Juan Sebastián,UAE Team Emirates - XRG,142,
75,246,VOISARD Yannis,Tudor Pro Cycling Team,141,
76,22,HEALY Ben,EF Education - EasyPost,141,Cameron
77,221,WELSFORD Sam,INEOS Grenadiers,140,
78,189,TURGIS Anthony,TotalEnergies,140,
79,112,VERMEERSCH Florian,UAE Team Emirates - XRG,139,
80,183,MARIT Arne,Red Bull - BORA - hansgrohe,138,
81,90,ULISSI Diego,XDS Astana Team,137,
82,240,LAPORTE Christophe,Team Visma | Lease a Bike,136,
83,200,SEGAERT Alec,Bahrain - Victorious,136,
84,13,CICCONE Giulio,Lidl - Trek,134,Dave
85,249,MOZZATO Luca,Tudor Pro Cycling Team,133,
86,181,VAN EETVELT Lennert,Lotto Intermarché,131,
87,131,MENTEN Milan,Lotto Intermarché,131,
88,289,ACKERMANN Pascal,Team Jayco AlUla,130,
89,204,HIGUITA Sergio,XDS Astana Team,130,
90,167,RODRÍGUEZ Cristián,XDS Astana Team,130,
91,70,WELLENS Tim,UAE Team Emirates - XRG,128,
92,370,GAROFOLI Gianmarco,Soudal Quick-Step,127,
93,37,JEANNIÈRE Emilien,TotalEnergies,126,Dave
94,210,REX Laurenz,Soudal Quick-Step,125,
95,9,ONLEY Oscar,INEOS Grenadiers,125,Cameron
96,561,VANSEVENANT Mauri,Soudal Quick-Step,124,
97,413,BRAZ AFONSO Clément,Groupama - FDJ United,121,
98,398,RACCAGNI NOVIERO Andrea,Soudal Quick-Step,120,
99,25,STORER Michael,Tudor Pro Cycling Team,120,Campbell
100,280,VERCHER Mattéo,TotalEnergies,120,
101,906,JOHANNINK Jelle,Unibet Rose Rockets,119,
102,34,ARENSMAN Thymen,INEOS Grenadiers,119,Cameron
103,110,TRENTIN Matteo,Tudor Pro Cycling Team,117,
104,321,PINARELLO Alessandro,NSN Cycling Team,117,
105,15,MCNULTY Brandon,UAE Team Emirates - XRG,116,Andy
106,223,RODRÍGUEZ Carlos,INEOS Grenadiers,116,
107,231,VERMEERSCH Gianni,Red Bull - BORA - hansgrohe,116,
108,540,KRETSCHY Moritz,NSN Development Team,116,
109,64,CHAMPOUSSIN Clément,XDS Astana Team,113,
110,175,PARET-PEINTRE Valentin,Soudal Quick-Step,108,
111,59,GEE Derek,Lidl - Trek,108,Mike
112,492,TESSON Jason,TotalEnergies,107,
113,124,GROßSCHARTNER Felix,UAE Team Emirates - XRG,107,
114,195,BIERMANS Jenthe,Cofidis,107,
115,358,HOLTER Ådne,Uno-X Mobility,106,
116,941,SU Haoyu,XDS Astana Team,105,
117,194,BARRENETXEA Jon,Movistar Team,104,
118,455,MARTÍ Pau,NSN Cycling Team,104,
119,635,BERWICK Sebastian,Caja Rural - Seguros RGA,104,
120,404,DE BOD Stefan,Modern Adventure Pro Cycling,102,
121,154,BLIKRA Erlend,Uno-X Mobility,102,
122,45,MATTHEWS Michael,Team Jayco AlUla,101,
123,361,CEPEDA Jefferson Alveiro,Movistar Team,101,
124,282,EULÁLIO Afonso,Bahrain - Victorious,101,
125,76,WATSON Samuel,INEOS Grenadiers,100,
126,212,NORDHAGEN Jørgen,Team Visma | Lease a Bike,100,Geminiani's Hipsters
127,960,FOX Matthew,Lotto Intermarché,98,
128,265,BOL Cees,Decathlon CMA CGM Team,95,
129,104,KULSET Johannes,Uno-X Mobility,94,
130,162,HOFSTETTER Hugo,NSN Cycling Team,94,
131,222,SOBRERO Matteo,Lidl - Trek,93,
132,483,QUINTANA Nairo,Movistar Team,92,
133,279,VERMAERKE Kevin,UAE Team Emirates - XRG,91,
134,251,BAUDIN Alex,EF Education - EasyPost,91,
135,23,LIPOWITZ Florian,Red Bull - BORA - hansgrohe,90,Campbell
136,233,GARCÍA PIERNA Raúl,Movistar Team,90,
137,545,MARIAULT Axel,CIC Pro Cycling Academy,88,
138,493,ÁLVAREZ Héctor,Lidl - Trek Future Racing,88,
139,53,BITTNER Pavel,Team Picnic PostNL,88,
140,80,MALUCELLI Matteo,XDS Astana Team,87,
141,454,RIVERA Brandon Smith,INEOS Grenadiers,87,
142,10,DE LIE Arnaud,Lotto Intermarché,87,Mike
143,35,GANNA Filippo,INEOS Grenadiers,87,Cameron
144,207,MIQUEL Pau,Bahrain - Victorious,86,
145,141,RENARD Alexis,Cofidis,86,
146,538,LÓPEZ Jordi,Euskaltel - Euskadi,86,
147,479,VALGREN Michael,EF Education - EasyPost,85,
148,551,MARTÍN Gotzon,Euskaltel - Euskadi,84,
149,297,SVESTAD-BÅRDSENG Embret,INEOS Grenadiers,84,
150,109,MOSCHETTI Matteo,Pinarello Q36.5 Pro Cycling Team,84,Andy
151,733,JASIM AL-ALI Abdulla,UAE Team Emirates Gen Z,83,
152,488,POLITT Nils,UAE Team Emirates - XRG,83,
153,203,FAGÚNDEZ Eric Antonio,Burgos Burpellet BH,82,
154,1802,BRAVO Henrique,Soudal Quick-Step Devo Team,82,
155,1659,ADAMIETZ Johannes,REMBE | rad-net,82,
156,548,GUALDI Simone,Lotto Intermarché,81,
157,421,DE GENDT Aimé,Pinarello Q36.5 Pro Cycling Team,81,
158,69,O'CONNOR Ben,Team Jayco AlUla,80,Nick
159,173,VAN GILS Maxim,Red Bull - BORA - hansgrohe,80,
160,235,RAJOVIĆ Dušan,Solution Tech NIPPO Rali,79,
161,446,UHLIG Henri,Alpecin-Premier Tech,79,
162,128,LONARDI Giovanni,Team Polti VisitMalta,78,
163,439,HUENS Axel,Groupama - FDJ United,78,
165,243,HARPER Chris,Pinarello Q36.5 Pro Cycling Team,75,
166,434,HATHERLY Alan,Team Jayco AlUla,75,
167,115,DOUBLE Paul,Team Jayco AlUla,74,
168,430,KOERDT Bjorn,Team Picnic PostNL,73,
169,79,GATE Aaron,XDS Astana Team,72,
170,328,ZANONCELLO Enrico,Bardiani CSF 7 Saber,72,
171,1023,LAU Wan Yau Vincent,Roojai Insurance Winspace,72,
172,185,PLUIMERS Rick,Tudor Pro Cycling Team,71,
173,108,TEUNISSEN Mike,XDS Astana Team,71,
174,507,VERRE Alessandro,MBH Bank CSB Telecom Fort,71,
176,163,HERMANS Quinten,Pinarello Q36.5 Pro Cycling Team,71,
177,149,CASTRILLO Pablo,Movistar Team,70,
178,646,GUDMESTAD Tord,Decathlon CMA CGM Team,70,
179,610,KOISHI Yuma,Kinan Racing Team,70,
180,562,MUNTON Byron,Modern Adventure Pro Cycling,70,
181,498,GOVEKAR Matevž,Bahrain - Victorious,70,
182,213,QUARTUCCI Lorenzo,Burgos Burpellet BH,69,
183,71,VAN WILDER Ilan,Soudal Quick-Step,69,
184,704,GLIVAR Gal,Alpecin-Premier Tech,68,
185,139,TURNER Ben,INEOS Grenadiers,68,
186,234,COSNEFROY Benoît,UAE Team Emirates - XRG,67,
187,327,CASTELLON Jan,Caja Rural - Seguros RGA,67,
188,432,TJØTTA Martin,Uno-X Mobility,67,
189,283,MOLENAAR Alex,Caja Rural - Seguros RGA,67,
190,428,DECOMBLE Maxime,Groupama - FDJ United,67,
191,97,ROMO Javier,Movistar Team,65,
192,182,TARLING Joshua,INEOS Grenadiers,65,Nick
193,386,ZINGLE Axel,Team Visma | Lease a Bike,65,
194,121,FISHER-BLACK Finn,Red Bull - BORA - hansgrohe,64,
195,294,DONOVAN Mark,Pinarello Q36.5 Pro Cycling Team,64,
196,443,CAVAGNA Rémi,Groupama - FDJ United,64,
197,948,BOICHIS Adrien,Red Bull - BORA - hansgrohe,63,
198,453,SAINBAYAR Jambaljamts,Burgos Burpellet BH,62,
199,122,ANIOŁKOWSKI Stanisław,Cofidis,62,
200,295,GLOAG Thomas,Pinarello Q36.5 Pro Cycling Team,62,
201,787,MELLANO Ludovico Maria,XDS Astana Development Team,61,
202,397,PLOWRIGHT Jensen,Alpecin-Premier Tech,60,
203,546,HAMILTON Chris,Team Picnic PostNL,60,
204,505,CEPEDA Jefferson Alexander,EF Education - EasyPost,60,
205,287,PEÑALVER Manuel,Team Polti VisitMalta,60,
206,216,KOPECKÝ Matyáš,Unibet Rose Rockets,60,
207,487,VARGAS Walter,Team Medellín - EPM,60,
208,325,NERURKAR Lukas,EF Education - EasyPost,59,
209,18,VAN AERT Wout,Team Visma | Lease a Bike,59,Campbell
210,261,BERRADE Urko,Equipo Kern Pharma,58,
211,47,BILBAO Pello,Bahrain - Victorious,58,
212,278,WIDAR Jarno,Lotto Intermarché,58,Joe
213,676,EDDY Patrick,Team Brennan,57,
214,515,DONALDSON Robert,Team Jayco AlUla,57,
215,668,DONATI Davide,Red Bull - BORA - hansgrohe Rookies,57,
216,341,LOOCKX Lander,Unibet Rose Rockets,57,
217,383,BERASATEGI Xabier,Euskaltel - Euskadi,56,
218,334,BUSATTO Francesco,Alpecin-Premier Tech,56,
219,313,THIJSSEN Gerben,Alpecin-Premier Tech,56,
220,83,PIGANZOLI Davide,Team Visma | Lease a Bike,56,
221,174,SHEEHAN Riley,NSN Cycling Team,55,
222,518,RUIZ Ibon,Equipo Kern Pharma,54,
223,244,GARCÍA CORTINA Iván,Movistar Team,54,
224,226,ENGELHARDT Felix,Team Jayco AlUla,54,
225,440,GARIBBO Nicolò,Team UKYO,54,
226,619,CRABBE Tom,Team Flanders - Baloise,54,
227,847,KRIJNSEN Jelte,Team Jayco AlUla,53,
228,502,IZQUIERDO Clément,Cofidis,53,
229,469,AUGUST Andrew,INEOS Grenadiers,53,Geminiani's Hipsters
230,889,MARIVOET Duarte,Lotto - Groupe Wanty,53,
231,144,ZAMBANINI Edoardo,Bahrain - Victorious,52,
232,106,BAGIOLI Andrea,Lidl - Trek,52,
233,54,HIRSCHI Marc,Tudor Pro Cycling Team,52,Joe
234,1444,CARR Simon,Cofidis,52,
235,135,PENHOËT Paul,Groupama - FDJ United,52,
236,429,EINHORN Itamar,NSN Cycling Team,52,
237,939,KOCKELMANN Mathieu,Lotto Intermarché,51,
238,142,TRONCHON Bastien,Groupama - FDJ United,51,
239,414,SCHIFFER Anton,Team Visma | Lease a Bike,50,
240,344,CATTANEO Mattia,Red Bull - BORA - hansgrohe,50,
241,823,BIESTERBOS Frits,Team Picnic PostNL,50,
242,197,TILLER Rasmus,Uno-X Mobility,50,
243,46,BERNAL Egan,INEOS Grenadiers,50,
244,770,ZUKOWSKY Nickolas,Pinarello Q36.5 Pro Cycling Team,50,
245,316,BREUILLARD Nicolas,TotalEnergies,49,
246,390,OLDANI Stefano,Caja Rural - Seguros RGA,49,
247,164,BAUHAUS Phil,Bahrain - Victorious,49,
248,266,DENZ Nico,Red Bull - BORA - hansgrohe,49,
249,528,SCALCO Matteo,XDS Astana Development Team,49,
250,866,SEVILLA Diego Pablo,Team Polti VisitMalta,48,
251,659,BURATTI Nicolò,MBH Bank CSB Telecom Fort,48,
252,1335,ZOMERMAAND Jurgen,Development Team Picnic PostNL,48,
253,1050,JARNET Maxime,Van Rysel Roubaix,47,
254,100,PARET-PEINTRE Aurélien,Decathlon CMA CGM Team,47,
255,56,PRODHOMME Nicolas,Decathlon CMA CGM Team,46,
256,1891,MUÑOZ Hodei,Soudal Quick-Step Devo Team,46,
258,345,LEMMEN Bart,Team Visma | Lease a Bike,46,
259,114,JOHANNESSEN Anders Halland,Uno-X Mobility,46,
260,403,BUDZIŃSKI Marcin,MBH Bank CSB Telecom Fort,45,
261,718,OOMEN Sam,Lidl - Trek,45,
262,1044,VEISTROFFER Baptiste,Lotto Intermarché,45,
263,655,MOSCON Gianni,Red Bull - BORA - hansgrohe,45,
264,165,LARSEN Niklas,Unibet Rose Rockets,45,
265,126,DUJARDIN Sandy,TotalEnergies,45,
266,468,ROULAND Louis,Cofidis,45,
268,272,FANCELLU Alessandro,MBH Bank CSB Telecom Fort,45,
269,29,SKJELMOSE Mattias,Lidl - Trek,45,Mike
270,84,UIJTDEBROEKS Cian,Movistar Team,45,Andy
271,1518,FRAYRE Eder,L39ION of Los Angeles,45,
272,1278,HERREGODTS Rune,UAE Team Emirates - XRG,44,
273,861,SÜTTERLIN Jasha,Team Jayco AlUla,44,
274,532,GAVIRIA Fernando,Caja Rural - Seguros RGA,43,
275,436,BRAET Vito,Lotto Intermarché,43,
276,191,POELS Wout,Unibet Rose Rockets,42,
277,650,REINDERS Elmar,Unibet Rose Rockets,42,
278,333,CAPIOT Amaury,Team Jayco AlUla,42,
279,520,DAUPHIN Florian,TotalEnergies,42,
280,291,MILESI Lorenzo,Movistar Team,42,
281,409,CRESCIOLI Ludovico,Team Polti VisitMalta,42,
282,1480,MIFSUD Andrea,Team Polti VisitMalta,42,
283,401,LABROSSE Jordan,Decathlon CMA CGM Team,42,
284,157,CARUSO Damiano,Bahrain - Victorious,42,
285,839,NEGRENTE Mattia,XDS Astana Development Team,42,
286,417,LEITÃO Iúri,Caja Rural - Seguros RGA,41,
287,302,FINN Lorenzo,Red Bull - BORA - hansgrohe Rookies,40,Geminiani's Hipsters
288,542,GRAAT Tijmen,Team Visma | Lease a Bike,40,
289,2490,TARAKCI Mustafa,Konya Büyükşehir Belediye Spor,40,
290,241,TEUNS Dylan,Cofidis,40,
291,896,SOENENS Viktor,Soudal Quick-Step Devo Team,40,
292,666,SYELHAN Muhammad,ASC Monsters Indonesia,40,
293,1087,KIM Euro,LX Cycling Team,40,
294,273,CAMPENAERTS Victor,Team Visma | Lease a Bike,40,
295,504,OLIVEIRA Rui,UAE Team Emirates - XRG,39,
296,127,VACEK Mathias,Lidl - Trek,39,
297,1558,BLEDDYN Oliver,Team Brennan,38,
298,867,BETTLES Carter,Roojai Insurance Winspace,38,
299,103,SILVA Guillermo Thomas,XDS Astana Team,38,
300,1418,GIMENO Nil,Equipo Kern Pharma,38,
301,293,HERRADA Jesús,Burgos Burpellet BH,37,
302,1000,BRUTTOMESSO Alberto,Bahrain - Victorious,37,
303,884,HESSMANN Michel,Movistar Team,37,
304,1772,DESTA Amaniel Teweldemedhn,Team Amani,37,
305,281,GAUTHERAT Pierre,Decathlon CMA CGM Team,36,
306,664,WALSH Liam,CCACHE x BODYWRAP,36,
307,161,COVI Alessandro,Team Jayco AlUla,36,
308,717,LOULERGUE Victor,Groupama-FDJ United CT,36,
309,862,KHADBAATAR Temuulen,Roojai Insurance Winspace,36,
310,217,SÖDERQVIST Jakob,Lidl - Trek,36,Joe
311,116,AULAR Orluis,Movistar Team,36,
312,288,KOGUT Oded,NSN Cycling Team,36,
313,85,DEL GROSSO Tibor,Alpecin-Premier Tech,36,Campbell
314,1868,BROWNING Fergus,Terengganu Cycling Team,35,
315,699,MUDGWAY Luke,Li Ning Star,35,
316,296,KWIATKOWSKI Michał,INEOS Grenadiers,35,
317,1184,OLIVER Ben,Modern Adventure Pro Cycling,35,
318,1061,TU Sergio,Astemo Utsunomiya Blitzen,35,
319,639,DARDER Sergi,Caja Rural - Seguros RGA,35,
320,389,VAN DIJKE Mick,Red Bull - BORA - hansgrohe,35,
321,143,VENTURINI Clément,Unibet Rose Rockets,35,
322,840,QUINTANA Hector Exequiel,Plus Performance - ZEO Sport,35,
323,1203,ABREU Jorge,Fina Arroz CES Multimarcas Bancamiga,34,
324,985,CHAMBERLAIN Oscar,Decathlon CMA CGM Team,34,
325,795,SKERL Daniel,Bahrain - Victorious,34,
326,744,LOZOUET Léandre,CIC Pro Cycling Academy,34,
327,351,BARTA Will,Tudor Pro Cycling Team,34,
328,798,BAIS Mattia,Team Polti VisitMalta,34,
329,1148,RODRIGUEZ Juan Felipe,EF Education - Aevolo,34,
331,447,PACHER Quentin,Groupama - FDJ United,34,
332,965,BOWER Lewis,Groupama - FDJ United,33,
333,1270,BELLETTA Dario Igor,Team Polti VisitMalta,33,
334,595,BELOKI Markel,EF Education - EasyPost,33,
335,201,GAUDU David,Groupama - FDJ United,33,
336,338,KELDERMAN Wilco,Team Visma | Lease a Bike,33,
337,50,CARAPAZ Richard,EF Education - EasyPost,33,Mike
338,592,DEKKER David,BEAT CC p/b Saxo,33,
339,833,ERŽEN Žak,Bahrain - Victorious,32,
340,525,BENNETT George,NSN Cycling Team,32,
341,506,CHRISTOPHERSEN Cedrik Bakke,Unibet Rose Rockets,32,
342,727,OLIVEIRA Nelson,Movistar Team,32,
343,74,MAS Enric,Movistar Team,32,
344,136,GRUEL Thibaud,Groupama - FDJ United,32,
345,2466,MAULANA Astnan,Nusantara Cycling Team,32,
346,1305,PERSICO Davide,MBH Bank CSB Telecom Fort,32,
347,1237,SANLAVILLE Mathias,CIC Pro Cycling Academy,32,
348,192,TRÆEN Torstein,Uno-X Mobility,32,
349,102,ASKEY Lewis,NSN Cycling Team,32,
350,172,ARMIRAIL Bruno,Team Visma | Lease a Bike,32,
351,352,HOPKINS Dylan,Roojai Insurance Winspace,31,
352,472,VERVAEKE Louis,Soudal Quick-Step,31,
353,589,DONNENWIRTH Tom,Groupama - FDJ United,31,
354,1571,VAN BEKKUM Darren,XDS Astana Team,31,
355,227,BARCELÓ Fernando,Caja Rural - Seguros RGA,31,
356,711,JUUL-JENSEN Christopher,Team Jayco AlUla,31,
357,557,BÉVORT Carl-Frederik,Uno-X Mobility,31,
358,145,VAN DEN BERG Marijn,EF Education - EasyPost,31,
359,33,NARVÁEZ Jhonatan,UAE Team Emirates - XRG,30,Nick
360,893,ALMUTAIWEI Mohammad,UAE Team Emirates Gen Z,30,
361,318,TAARAMÄE Rein,Kinan Racing Team,30,
362,475,VAN ENGELEN Adne,Terengganu Cycling Team,30,
363,252,ZIMMERMANN Georg,Lotto Intermarché,30,
364,621,ROMELE Alessandro,XDS Astana Team,30,
365,1210,FROIDEVAUX Robin,Tudor Pro Cycling Team,30,
366,171,DAINESE Alberto,Soudal Quick-Step,30,
367,1737,CHIKWAKA Andrew,,30,
368,219,MOHORIČ Matej,Bahrain - Victorious,30,
369,485,BERNARD Julien,Lidl - Trek,30,
370,44,WÆRENSKJOLD Søren,Uno-X Mobility,30,
371,863,KOLZE CHANGIZI Sebastian,Tudor Pro Cycling Team,30,
372,983,VAN KERCKHOVE Matisse,Team Visma | Lease a Bike Development,30,
373,622,HENNEQUIN Paul,Euskaltel - Euskadi,30,
374,48,FORTUNATO Lorenzo,XDS Astana Team,30,Nick
375,367,ALLENO Clément,Burgos Burpellet BH,29,
376,604,PALETTI Luca,Bardiani CSF 7 Saber,29,
377,206,ADRIÀ Roger,Movistar Team,29,
378,92,DELETTRE Alexandre,TotalEnergies,29,
379,433,VALTER Attila,Bahrain - Victorious,29,
380,465,CUYLITS Mauro,Lotto - Groupe Wanty,29,
382,422,CONCI Nicola,XDS Astana Team,28,
383,242,ETXEBERRIA Haimar,Red Bull - BORA - hansgrohe,28,
384,307,HALLER Marco,Tudor Pro Cycling Team,28,
385,804,KLUCKERS Arthur,Tudor Pro Cycling Team,28,
386,378,GENIETS Kevin,Groupama - FDJ United,28,
387,450,MAESTRI Mirco,Team Polti VisitMalta,28,
388,1245,CHU Tsun Wai,HKSI Pro Cycling Team,28,
389,634,DE PESTEL Sander,Decathlon CMA CGM Team,28,
390,585,HERZOG Emil,Red Bull - BORA - hansgrohe,28,
392,96,CHRISTEN Fabio,Pinarello Q36.5 Pro Cycling Team,28,
393,1076,KONIJN Alexander,Nice Métropole Côte d'Azur,28,
394,1005,SÉNÉCHAL Florian,Alpecin-Premier Tech,28,
395,315,THEUNS Edward,Lidl - Trek,28,
396,537,WALSCHEID Max,Lidl - Trek,28,
397,1334,VAN GILS Lucas,Lotto - Groupe Wanty,28,
398,1196,VANHUFFEL Matteo,Development Team Picnic PostNL,28,
399,671,HEREMANS Joppe,Van Rysel Roubaix,27,
400,57,VELASCO Simone,XDS Astana Team,27,
401,1336,BONNET Thomas,TotalEnergies,27,
402,208,HOOLE Daan,Decathlon CMA CGM Team,27,
403,1309,POLLEFLIET Gianluca,Decathlon CMA CGM Team,27,
405,198,TEUTENBERG Tim Torn,Lidl - Trek,26,
406,628,DUPONT Timothy,Tarteletto - Isorex,26,
407,930,LAMBRECHT Michiel,Team Flanders - Baloise,26,
408,855,MACÍAS César,Burgos Burpellet BH,26,
409,482,TSVETKOV Nikita,Bardiani CSF 7 Saber,26,
410,1996,DAUMAS Rémi,Groupama-FDJ United CT,26,
411,186,HAYTER Ethan,Soudal Quick-Step,26,
412,371,KRAGH ANDERSEN Søren,Lidl - Trek,26,
413,416,ARVANITOU Nikiforos,Team United Shipping,26,
414,159,STUYVEN Jasper,Soudal Quick-Step,26,
415,320,CAVIA Daniel,Burgos Burpellet BH,25,
416,790,SKAARSETH Anders,Uno-X Mobility,25,
417,1457,MATTIO Pietro,Team Visma | Lease a Bike,25,
418,1899,THÉOT Killian,Van Rysel Roubaix,25,
419,205,MIHKELS Madis,EF Education - EasyPost,25,
420,1720,ASCONEGUY Roderyck,Dolores Cycles Club,25,
421,1205,NG Pak Hang,HKSI Pro Cycling Team,25,
422,526,PERICAS Adrià,UAE Team Emirates - XRG,25,
424,132,LAURANCE Axel,INEOS Grenadiers,25,
425,1383,GONZALES Freddy,,25,
426,177,BERCKMOES Jenno,Lotto Intermarché,25,
427,845,VANHOOF Ward,Team Flanders - Baloise,25,
428,1154,CARSTENSEN Lucas,Kinan Racing Team,25,
430,947,MENDES Diego De Jesus,,25,
431,160,HOELGAARD Markus,Uno-X Mobility,24,
432,929,BEULLENS Cedric,Lotto Intermarché,24,
433,665,VADER Milan,Pinarello Q36.5 Pro Cycling Team,24,
434,907,HOUCOU Emmanuel,Pinarello Q36.5 Pro Cycling Team,24,
436,259,BISSEGGER Stefan,Decathlon CMA CGM Team,24,
437,1660,DARBELLAY Valentin,Elite Fondations Cycling Team,24,
438,93,LECERF Junior,Soudal Quick-Step,24,
439,52,ALAPHILIPPE Julian,Tudor Pro Cycling Team,24,Cameron
440,640,DE CASSAN Davide,General Store - Essegibi - F.Lli Curia,24,
441,1159,PATTINSON Tomos,EF Education - Aevolo,24,
443,256,STORK Florian,Tudor Pro Cycling Team,23,
444,158,DVERSNES LAVIK Fredrik,Uno-X Mobility,23,
445,180,HONORÉ Mikkel Frølich,EF Education - EasyPost,23,
446,1258,LIM Nash,Factor Racing,23,
447,1392,TAKHIROV Diyor,7 Saber Uzbekistan Cycling Team,23,
448,1142,MILAN Matteo,Groupama - FDJ United,23,
449,2359,AVANCINI Henrique da Silva,Localiza Meoo / Swift Pro Cycling,23,
451,91,ABRAHAMSEN Jonas,Uno-X Mobility,23,Geminiani's Hipsters
452,458,VAN ASBROECK Tom,NSN Cycling Team,23,
453,503,HAGENES Per Strand,Team Visma | Lease a Bike,22,
454,464,SCOTSON Callum,Decathlon CMA CGM Team,22,
455,368,PAGE Hugo,Cofidis,22,
456,68,SIVAKOV Pavel,UAE Team Emirates - XRG,22,
457,239,LØLAND Sakarias Koller,Uno-X Mobility,22,
458,625,VAN DER LEE Jardi Christiaan,EF Education - EasyPost,22,
459,1281,FREYER Martin,,22,
460,1650,TODOME Yuhi,Aisan Racing Team,22,
461,1199,MOYATA Eduardo,Pío Rico Cycling Team,22,
462,1530,SUTTON Louis,Euskaltel - Euskadi,21,
463,82,MARTIN Guillaume,Groupama - FDJ United,21,
464,554,NOVÁK Pavel,Movistar Team,21,
465,657,STANNARD Robert,Bahrain - Victorious,21,
466,1825,WANG Gustav,XDS Astana Development Team,21,Joe
467,814,DELACROIX Théo,St Michel - Preference Home - Auber93,21,
468,1389,XUE Ming,Li Ning Star,21,
469,747,AZPARREN Xabier Mikel,Pinarello Q36.5 Pro Cycling Team,21,
470,552,VANHOUCKE Harm,Pinarello Q36.5 Pro Cycling Team,21,
471,849,MEZGEC Luka,Team Jayco AlUla,21,
472,67,TULETT Ben,Team Visma | Lease a Bike,21,Geminiani's Hipsters
473,381,MARTINEZ Juan Guillermo,Team Picnic PostNL,21,
474,98,SKUJIŅŠ Toms,Lidl - Trek,21,
475,1932,MANENTI Marco,Bardiani CSF 7 Saber,21,
476,373,KÄMNA Lennard,Lidl - Trek,21,
477,1477,ROJAS Brandon Alejandro,GW Erco SportFitness,20,
478,1311,NESPOLI Lorenzo,MBH Bank CSB Telecom Fort,20,
479,556,SCHRETTL Marco,XDS Astana Team,20,
480,856,TONEATTI Davide,XDS Astana Team,20,
481,729,SCHULTZ Nick,NSN Cycling Team,20,
482,476,GHEBREIGZABHIER Amanuel,Lidl - Trek,20,
483,494,HAIG Jack,INEOS Grenadiers,20,
484,377,PEDERSEN Casper,Soudal Quick-Step,20,
485,957,MACKELLAR Alastair,EF Education - EasyPost,20,
486,269,KONRAD Patrick,Lidl - Trek,20,
487,611,REINDERINK Pepijn,Soudal Quick-Step,20,
488,253,FIORELLI Filippo,Team Visma | Lease a Bike,20,
489,819,MORO Manlio,Movistar Team,20,
490,731,DRIZNERS Jarrad,Red Bull - BORA - hansgrohe,20,
491,2391,REX Tim,Team Visma | Lease a Bike,20,
493,168,KÜNG Stefan,Tudor Pro Cycling Team,20,
494,774,VAN SINTMAARTENSDIJK Roel,Lotto Intermarché,20,
495,312,BREGNHØJ Mathias,Terengganu Cycling Team,20,
497,1694,DRIESEN Niels,Lotto - Groupe Wanty,20,
498,1501,TENDON Arnaud,Van Rysel Roubaix,20,
499,992,RAFFERTY Adam,Hagens Berman Jayco,20,
500,961,D'AMATO Andrea,Team UKYO,20,
501,989,PRIETO José Juan,Petrolike,20,
502,828,PORTER Rudy,Team Jayco AlUla,19,
503,803,THOMPSON Reuben,Lotto Intermarché,19,
504,617,THORNLEY Callum,Red Bull - BORA - hansgrohe,19,
505,510,LE BERRE Mathis,TotalEnergies,19,
506,590,SHMIDT Artem,INEOS Grenadiers,19,
507,199,DELBOVE Joris,TotalEnergies,19,
508,376,PLANCKAERT Edward,Alpecin-Premier Tech,19,
509,1487,PUTZ Sebastian,Red Bull - BORA - hansgrohe Rookies,19,
510,118,VAN POPPEL Danny,Red Bull - BORA - hansgrohe,18,
511,385,VAN MECHELEN Vlad,Bahrain - Victorious,18,
512,1215,CAPRA Thomas,Bahrain Victorious Development Team,18,
513,914,WEISS Fabian,Tudor Pro Cycling Team,18,
514,1008,GIDDINGS Joshua,Lotto Intermarché,18,
515,702,KOPECKÝ Tomáš,Unibet Rose Rockets,18,
516,593,ROTA Lorenzo,Lotto Intermarché,18,
517,630,BRUSTENGA Marc,Equipo Kern Pharma,18,
518,550,CONTRERAS Rodrigo,Nu Colombia,18,
520,1156,CONFORTI Lorenzo,Bardiani CSF 7 Saber,18,
522,323,DUNBAR Eddie,Pinarello Q36.5 Pro Cycling Team,18,
523,419,MATTHEIS Oliver,BIKE AID,18,
524,577,O'BRIEN Kelland,Team Jayco AlUla,17,
525,1139,DINHAM Matthew,Team Picnic PostNL,17,
526,743,SERRANO Gonzalo,Movistar Team,17,
527,732,L'HOTE Antoine,Decathlon CMA CGM Team,17,
528,402,PEDERSEN Rasmus Søjberg,Decathlon CMA CGM Team,17,
529,2175,SIBANDA Mthokozisi,,17,
530,875,MUÑOZ Francisco,Team Polti VisitMalta,17,
531,685,JOHANSEN Julius,UAE Team Emirates - XRG,17,
533,2525,BAEZA Cristobal,Plus Performance - ZEO Sport,17,
534,236,OLIVEIRA Ivo,UAE Team Emirates - XRG,16,
535,1065,VAN GESTEL Dries,Soudal Quick-Step,16,
536,1031,FABBRO Matteo,Solution Tech NIPPO Rali,16,
537,120,CORT Magnus,Uno-X Mobility,16,
540,812,YEMANE Even,BIKE AID,16,
541,359,VAN HEMELEN Vincent,Team Flanders - Baloise,16,
543,975,BOCK Max,Red Bull - BORA - hansgrohe Rookies,16,
544,576,UMBA Santiago,Solution Tech NIPPO Rali,16,
545,61,HINDLEY Jai,Red Bull - BORA - hansgrohe,16,Tim
547,680,PALENI Enzo,Groupama - FDJ United,15,
548,578,KNOX James,Team Picnic PostNL,15,
549,644,MOSCA Jacopo,Lidl - Trek,15,
550,547,VAN DEN BOSSCHE Fabio,Soudal Quick-Step,15,
551,751,MARSMAN Tim,Alpecin-Premier Tech,15,
552,773,MIHOLJEVIĆ Fran,Bahrain - Victorious,15,
553,391,SWIFT Ben,INEOS Grenadiers,15,
554,656,MÄRKL Niklas,Team Picnic PostNL,15,
555,881,SENTJENS Sente,Alpecin-Premier Tech,15,
556,285,FOLDAGER Anders,Team Jayco AlUla,15,
557,133,SALBY Alexander,Li Ning Star,15,
558,400,ARTZ Huub,Lotto Intermarché,15,
559,1026,ØRN-KRISTOFF Felix,Lotto Intermarché,15,
560,523,KEPPLINGER Rainer,Bahrain - Victorious,15,
561,448,SMITH Dion,NSN Cycling Team,15,
562,870,VILLA Giacomo,Petrolike,15,
564,1239,RODRÍGUEZ Diego Leonel,,15,
566,860,BARBIER Pierre,Terengganu Cycling Team,15,
567,1167,YILMAZ Ramazan,Konya Büyükşehir Belediye Spor,15,
568,759,GAFFURI Mattia,Team Picnic PostNL,15,
569,678,WILKSCH Hannes,Tudor Pro Cycling Team,15,
570,274,MÜHLBERGER Gregor,Decathlon CMA CGM Team,15,
571,486,SWIFT Connor,INEOS Grenadiers,15,
572,573,JACOBS Johan,Groupama - FDJ United,15,
573,647,MULLEN Ryan,NSN Cycling Team,15,
574,330,MAGLI Filippo,Bardiani CSF 7 Saber,15,
576,248,KIELICH Timo,Team Visma | Lease a Bike,15,
577,130,BETTIOL Alberto,XDS Astana Team,15,
578,155,MADOUAS Valentin,Groupama - FDJ United,15,
579,915,FINKŠT Tilen,Solution Tech NIPPO Rali,15,
580,1456,AVONDTS Mathis,Parkhotel Valkenburg,15,
581,689,HESTERS Jules,Team Flanders - Baloise,15,
582,1901,MOORE Viggo,Tirol KTM Cycling Team,15,
583,1115,ROJAS Vicente,Bardiani CSF 7 Saber,15,
584,459,SEPÚLVEDA Eduardo,Li Ning Star,15,
586,1125,BOULET Eliott,Groupama-FDJ United CT,15,
587,891,VANDENABEELE Henri,Team Flanders - Baloise,14,
588,1343,HVIDEBERG Jonas Hem,Uno-X Mobility,14,
589,1642,IACOMONI Federico,Team UKYO,14,
590,379,ARASHIRO Yukiya,Solution Tech NIPPO Rali,14,
591,529,PICKRELL Riley,Modern Adventure Pro Cycling,14,
592,322,CHUMIL Sergio Geovani,Burgos Burpellet BH,14,
593,308,VAN MOER Brent,Pinarello Q36.5 Pro Cycling Team,14,
595,1253,ROGERS Cameron,INEOS Grenadiers Racing Academy,14,
596,2503,GÁLVIZ Carlos Johan,Politachira Heidy Lee Sport TVN Norte,13,
597,2074,GIL Angel Alexander,GW Erco SportFitness,13,
598,326,VAN UDEN Casper,Team Picnic PostNL,13,
599,232,STEWART Jake,NSN Cycling Team,13,
600,410,AGIRRE Jon,Euskaltel - Euskadi,13,
601,902,FELDMANN Karsten Larsen,Unibet Rose Rockets,13,
602,309,PARRA José Félix,Caja Rural - Seguros RGA,13,
603,36,STRONG Corbin,NSN Cycling Team,13,Tim
604,1833,HARDOUIN Louis,Van Rysel Roubaix,13,
605,1452,BOCHAROV Dmitriy,7 Saber Uzbekistan Cycling Team,13,
606,271,GEOGHEGAN HART Tao,Lidl - Trek,13,
607,489,GERMANI Lorenzo,Groupama - FDJ United,13,
608,739,SLOCK Liam,Lotto Intermarché,13,
609,876,FRYDKJÆR Patrick Boje,Lidl - Trek Future Racing,13,
610,348,AFFINI Edoardo,Team Visma | Lease a Bike,13,
611,418,TOLIO Alex,Bardiani CSF 7 Saber,13,
612,364,ROLLAND Brieuc,Groupama - FDJ United,13,
613,797,FERNÁNDEZ Samuel,Caja Rural - Seguros RGA,12,
614,473,LEONARD Michael,EF Education - EasyPost,12,
615,2066,GREENWOOD Matthew,CCACHE x BODYWRAP,12,
616,713,RESELL Erik Nordsæter,Uno-X Mobility,12,
618,716,VERVENNE Jonathan,Soudal Quick-Step,12,
619,531,DEBRUYNE Ramses,Alpecin-Premier Tech,12,
620,1674,SCHOOFS Jasper,Soudal Quick-Step Devo Team,12,
621,1945,LI You,XDS Astana Development Team,12,
622,741,TRATNIK Jan,Red Bull - BORA - hansgrohe,12,
623,196,VAN DEN BROEK Frank,Team Picnic PostNL,12,
624,357,RUSSO Clément,Groupama - FDJ United,12,
625,462,AMAN Awet,Istanbul Team,12,
626,974,O'BRIEN Liam,Lidl - Trek Future Racing,12,
627,2109,SOMMER Jan,Elite Fondations Cycling Team,12,
628,752,LIEPIŅŠ Emīls,Pinarello Q36.5 Pro Cycling Team,12,
629,587,AERTS Toon,Lotto Intermarché,12,
630,2213,BETTENDORFF Loïc,Hrinkow Advarics,12,
631,836,NARRAWAY Nicholas,Competitive Edge Racing,12,
632,629,SINSCHEK Nils,Li Ning Star,11,
633,360,KUDUS Merhawi,Burgos Burpellet BH,11,
634,981,KAJAMINI Florian Samuel,XDS Astana Team,11,
635,882,MANZIN Lorrenzo,TotalEnergies,11,
636,603,CONSONNI Simone,Lidl - Trek,11,
637,2145,ALONSO Agustín,,11,
638,736,DEGENKOLB John,Team Picnic PostNL,11,
639,792,PARISINI Nicolò,Pinarello Q36.5 Pro Cycling Team,11,
640,549,GEENS Jonas,Alpecin-Premier Tech,11,
641,842,KIRSCH Alex,Cofidis,11,
642,267,MONIQUET Sylvain,Cofidis,11,
643,1577,GOLLIKER Joshua,EF Education - Aevolo,11,
645,709,SIRIRONNACHAI Sarawut,,10,
647,1157,PEACE Oliver,Team Picnic PostNL,10,
648,311,HOWSON Damien,Pinarello Q36.5 Pro Cycling Team,10,
649,346,EENKHOORN Pascal,Soudal Quick-Step,10,
650,1111,TUCKWELL Luke,Red Bull - BORA - hansgrohe,10,
651,1285,RENARD-HAQUIN Henri-François,Team Picnic PostNL,10,
652,1345,KELEMEN Petr,Tudor Pro Cycling Team,10,
653,944,INGEBRIGTSEN Storm,Uno-X Mobility,10,
654,710,CLARKE Simon,,10,
655,760,DURBRIDGE Luke,Team Jayco AlUla,10,
656,1264,WIRTGEN Luc,Tudor Pro Cycling Team,10,
657,1876,URIANSTAD BUGGE Martin,Uno-X Mobility,10,
658,722,HAMILTON Lucas,INEOS Grenadiers,10,
659,427,DE LA CALLE Hugo,Burgos Burpellet BH,10,
660,1224,DOLVEN Halvor,Lotto - Groupe Wanty,10,
661,1171,IMAMURA Shunsuke,Lotto - Groupe Wanty,10,
662,763,WALKER Max,EF Education - EasyPost,10,
663,350,RUTSCH Jonas,Lotto Intermarché,10,
664,1468,GOGL Michael,Alpecin-Premier Tech,10,
665,618,BARTHE Cyril,Groupama - FDJ United,10,
667,696,YIĞIT Tahir Buğra,Spor Toto Cycling Team,10,
668,1063,BURNETT Josh,Burgos Burpellet BH,10,
669,1259,GIBBONS Ryan,Fly Cool Collective,10,
670,734,SOSA Iván Ramiro,Equipo Kern Pharma,10,
671,990,MILLER Alex,,10,
672,1775,JANIKULOV Samandar,7 Saber Uzbekistan Cycling Team,10,
673,484,BATSAIKHAN Tegsh-Bayar,Roojai Insurance Winspace,10,
674,1041,KRUIJSWIJK Steven,Team Visma | Lease a Bike,10,
675,681,GAMPER Patrick,Team Jayco AlUla,10,
676,1038,BASTIAENS Ayco,Soudal Quick-Step,10,
677,423,CÔTÉ Pier-André,NSN Cycling Team,10,
678,858,NABERMAN Tim,Team Picnic PostNL,10,
679,651,DOULL Owain,Team Visma | Lease a Bike,10,
680,769,DILLIER Silvan,Alpecin-Premier Tech,10,
681,245,NYCH Artem,Anicolor / Campicarn,10,
684,347,ASGREEN Kasper,EF Education - EasyPost,10,
685,343,VAN BOVEN Luca,Lotto Intermarché,10,
686,211,ALBANESE Vincenzo,EF Education - EasyPost,10,
687,636,GRIGNARD Sébastien,Lotto Intermarché,10,
688,257,MEURISSE Xandro,Pinarello Q36.5 Pro Cycling Team,10,
689,354,NAESEN Oliver,Decathlon CMA CGM Team,10,
690,119,CANAL Carlos,Movistar Team,10,
691,193,DE BONDT Dries,Team Jayco AlUla,10,
692,779,VAN DEN BERG Julius,Team Picnic PostNL,10,
693,420,LOUVEL Matis,NSN Cycling Team,10,
694,407,SHAW James,EF Education - EasyPost,10,
695,601,VERSTRYNGE Emiel,Alpecin-Premier Tech,10,
696,388,MARCELLUSI Martin,Bardiani CSF 7 Saber,10,
697,1204,BALMER Alexandre,Solution Tech NIPPO Rali,10,
698,495,WARBASSE Larry,Tudor Pro Cycling Team,10,
699,1274,ROUFFAER Lars,EEW-VDK Cyclingteam,10,
700,1324,ŠTAJNAR Mihael,Pogi Team Gusto Ljubljana,10,
703,677,BOUGLAS Georgios,Burgos Burpellet BH,9,
704,894,TAMINIAUX Lionel,Lotto Intermarché,9,
705,1517,LOZANO Juan Pedro,Terengganu Cycling Team,9,
706,663,NIYONKURU Samuel,Team Amani,9,
707,952,PRONSKIY Vadim,Terengganu Cycling Team,9,
708,1860,MOURIS Wessel,Unibet Rose Rockets,9,
709,597,SCHWARZBACHER Matthias,EF Education - EasyPost,9,
710,508,BYSTRØM Sven Erik,Uno-X Mobility,9,
712,72,WRIGHT Fred,Pinarello Q36.5 Pro Cycling Team,9,Campbell
713,517,VERGALLITO Luca,Alpecin-Premier Tech,9,
714,1114,KOECH Silas,Team Lotto Kern-Haus Outlet Montabaur,9,
715,2067,VAN TRICHT Floris,NSN Cycling Team,9,
716,369,VERONA Carlos,Lidl - Trek,9,
717,1448,VILORIA Enmanuel David,Team Fam Birdman Level Up,8,
718,614,SCOTT Cameron,Li Ning Star,8,
719,885,KYFFIN Zeb,Terengganu Cycling Team,8,
720,437,BAIS Davide,Team Polti VisitMalta,8,
721,683,LASTRA Jonathan,Euskaltel - Euskadi,8,
722,1201,CALZONI Walter,Pinarello Q36.5 Pro Cycling Team,8,
724,1548,BATMUNKH Maral-Erdene,Roojai Insurance Winspace,8,
726,1528,PAREJA Nichol Blanca,Victoria Sports Pro Cycling,8,
727,572,VADIC Baptiste,TotalEnergies,8,
728,584,RACCANI Simone,Team UKYO,8,
729,501,TURCONI Filippo,Bardiani CSF 7 Saber,8,
730,1712,SERVRANCKX Gauthier,Soudal Quick-Step Devo Team,8,
732,1066,ISASA Xabier,Euskaltel - Euskadi,8,
733,553,CADENA Edgar David,Team Storck - MRW Bau,8,
734,1550,PAREDES Anderson Timoteo,,7,
735,1893,GOYO Jesus Miguel,Fina Arroz CES Multimarcas Bancamiga,7,
736,1715,LADNGERN Peerapong,,7,
737,2141,JUMCHAT Nattapol,Thailand Continental Cycling Team,7,
738,1067,REYNDERS Jens,Qatar Pro Team,7,
740,649,DE VRIES Hartthijs,Unibet Rose Rockets,7,
741,1010,DATI Tommaso,Team UKYO,7,
742,1493,PRIETO José Antonio,Petrolike,7,
746,1919,BÁRTA Tomáš,Istanbul Team,7,
749,1007,TONELLI Alessandro,Team Polti VisitMalta,7,
750,1516,LANGE Tyler,,7,
751,81,GROVES Kaden,Alpecin-Premier Tech,7,
752,147,FRIGO Marco,NSN Cycling Team,7,
753,1133,GIRMAY Mewael,Istanbul Team,7,
754,2354,ORANZA Ronald,,7,
755,791,ZOCCARATO Samuele,MBH Bank CSB Telecom Fort,7,
756,1563,LUCERO Jericho,Go For Gold Philippines,7,
757,780,ISIDORE Noa,Decathlon CMA CGM Team,7,
758,2297,ARAMAYO Jose Manuel,Pío Rico Cycling Team,7,
759,1877,FETTER Erik,Team United Shipping,7,
760,375,DE PRETTO Davide,Team Jayco AlUla,7,
761,719,BELOHVOŠČIKS Kristiāns,BIKE AID,7,
762,1077,GEORGE Alfred,Elite Fondations Cycling Team,7,
764,903,ROSENLUND Stian,AIRTOX - Carl Ras,7,
766,1433,ROSTOVTSEV Sergey,Bardiani CSF 7 Saber,7,
767,1575,NAVAS Kevin,Best PC Ecuador,7,
768,2079,ŠUMPÍK Pavel,Development Team Picnic PostNL,7,
770,365,CHAWCHIANGKWANG Peerapol,Thailand Continental Cycling Team,6,
771,1894,MAESTRE Winston,Caja Rural - Alea,6,
772,1170,RETAILLEAU Valentin,TotalEnergies,6,
773,1216,GIAIMI Luca,UAE Team Emirates - XRG,6,
774,169,TOWNSEND Rory,Unibet Rose Rockets,6,
775,730,GONOV Lev,XDS Astana Team,6,
776,337,LIVYNS Arjen,XDS Astana Team,6,
777,602,SYRITSA Gleb,XDS Astana Team,6,
778,857,VAN LERBERGHE Bert,Soudal Quick-Step,6,
779,1016,SORARRAIN Gorka,Caja Rural - Seguros RGA,6,
780,1874,PINAZZI Mattia,Bardiani CSF 7 Saber,6,
781,784,YUN Jaebin,Roojai Insurance Winspace,6,
782,1959,KEY Adrian,,6,
783,588,PONOMAR Andrii,Petrolike,6,
784,470,JANSE VAN RENSBURG Reinardt,Tshenolo Pro Cycling Team,6,
786,564,APARICIO Mario,Burgos Burpellet BH,6,
787,2404,MELLBY Joel,Lucky Sport Cycling Team,6,
789,707,CATALDO Lorenzo,China Chermin Cycling Team,6,
790,574,BALLABIO Giacomo,Team Vorarlberg,6,
791,776,MASNADA Fausto,MBH Bank CSB Telecom Fort,6,
792,613,CAMPRUBÍ Marcel,Pinarello Q36.5 Pro Cycling Team,6,
795,1661,PRONSKIY Daniil,Team Vino - North Qazaqstan Region,6,
796,1540,LECROQ Jérémy,St Michel - Preference Home - Auber93,6,
797,728,HOPKINS Kaden,Atom 6 Bikes - Cycleur de Luxe - Auto Stroo Continental Team,6,
798,1820,MÉNDEZ Arlex José,Alicanto Consulting G Kino Tachira,5,
801,1814,SUTER Joel,Tudor Pro Cycling Team,5,
802,1908,STOCKWELL Oliver,Bahrain - Victorious,5,
804,1475,DELLE VEDOVE Alessio,XDS Astana Development Team,5,
806,247,PRADES Eduard,Caja Rural - Seguros RGA,5,
807,1453,WU Chun Yin,HKSI Pro Cycling Team,5,
808,1651,XU Shi Ru,,5,
809,1123,AGNOLETTO Blake,Groupama-FDJ United CT,5,
811,853,QUINN Sean,EF Education - EasyPost,5,
812,63,LÓPEZ Harold Martín,XDS Astana Team,5,
813,1162,ØXENBERG Peter,INEOS Grenadiers,5,
814,682,MIKUTIS Aivaras,Tudor Pro Cycling Team,5,
815,1870,ARNDT Nikias,Bahrain - Victorious,5,
816,1485,VANGHELUWE Warre,Soudal Quick-Step,5,
817,616,RAISBERG Nadav,NSN Cycling Team,5,
818,605,RICKAERT Jonas,Alpecin-Premier Tech,5,
819,1192,CHRISTIAN Sean,Modern Adventure Pro Cycling,5,
820,762,PAASSCHENS Mathijs,Bahrain - Victorious,5,
822,2511,KESSLER Cole,Modern Adventure Pro Cycling,5,
823,1225,TORRES Albert,Movistar Team,5,
824,737,STEWART Mark,Modern Adventure Pro Cycling,5,
825,838,DE BUYST Jasper,Lotto Intermarché,5,
826,305,DEHAIRS Simon,Alpecin-Premier Tech,5,
827,1141,JAKOBSEN Fabio,Team Picnic PostNL,5,Joe
828,2314,VAN REES Christiaan,Development Team Picnic PostNL,5,
829,156,BALLERINI Davide,XDS Astana Team,5,
830,679,DEWULF Stan,Decathlon CMA CGM Team,5,
831,387,VAN BAARLE Dylan,Soudal Quick-Step,5,
832,442,LAMPAERT Yves,Soudal Quick-Step,5,
833,1096,RASENBERG Martijn,Unibet Rose Rockets,5,
834,661,GRADEK Kamil,Bahrain - Victorious,5,
835,541,BRUNEL Alexys,TotalEnergies,5,
836,530,DE POOTER Dries,Team Jayco AlUla,5,
837,570,MACIEJUK Filip,Movistar Team,5,
838,1507,MAŁECKI Kamil,Pinarello Q36.5 Pro Cycling Team,5,
839,1915,KMÍNEK Vojtěch,Burgos Burpellet BH,5,
840,740,BAYER Tobias,Alpecin-Premier Tech,5,
841,496,HEIDUK Kim,INEOS Grenadiers,5,
842,2310,BELMANS Lennert,Alpecin-Premier Tech,5,
843,151,WITHEN PHILIPSEN Albert,Lidl - Trek,5,
844,569,LANHOVE Milan,Team Flanders - Baloise,5,
845,928,VERCOUILLIE Victor,Team Flanders - Baloise,5,
846,1265,FRISON Frederik,Pinarello Q36.5 Pro Cycling Team,5,
847,567,BOIVIN Guillaume,NSN Cycling Team,5,
848,435,ALLEGAERT Piet,Cofidis,5,
849,967,BLOEM Joren,Unibet Rose Rockets,5,
850,1232,DEWEIRDT Siebe,Team Flanders - Baloise,5,
852,908,SERRANO Javier,Team Polti VisitMalta,5,
853,111,SIMMONS Quinn,Lidl - Trek,5,
854,694,DINA Márton,MBH Bank CSB Telecom Fort,5,
856,349,ZWIEHOFF Ben,Red Bull - BORA - hansgrohe,5,
857,1424,GELEIJN Owen,Unibet Rose Rockets,5,
859,1689,MERIS Sergio,Unibet Rose Rockets,5,
860,1168,MARTINELLI Alessio,Bardiani CSF 7 Saber,5,
861,524,GRANGER Ben,Solution Tech NIPPO Rali,5,
862,1290,SVRČEK Martin,Soudal Quick-Step,5,
863,303,MOLLEMA Bauke,Lidl - Trek,5,
865,805,KONYCHEV Alexander,China Anta - Mentech Cycling Team,5,
866,1043,KESSLER Bruno,Tudor Pro Cycling Team U23,5,
867,270,CRAS Steff,Soudal Quick-Step,5,
868,362,MOLARD Rudy,Groupama - FDJ United,5,
869,771,BLUME LEVY William,Uno-X Mobility,5,
870,190,DE LA CRUZ David,Pinarello Q36.5 Pro Cycling Team,5,
871,394,BONNEU Kamiel,Solution Tech NIPPO Rali,5,
872,735,GONZÁLEZ Roberto Carlos,Solution Tech NIPPO Rali,5,
873,865,BOU Joan,Caja Rural - Seguros RGA,5,
874,356,ALEOTTI Giovanni,Red Bull - BORA - hansgrohe,5,
875,1213,ARCAS Jorge,Movistar Team,5,
876,582,GONZÁLEZ David,Pinarello Q36.5 Pro Cycling Team,5,
877,1355,FAURE PROST Alexy,Team Picnic PostNL,5,
878,641,OTRUBA Jakub,Caja Rural - Seguros RGA,5,
879,558,NEILANDS Krists,NSN Cycling Team,5,
880,942,TAROZZI Manuele,Bardiani CSF 7 Saber,5,
881,539,KUZMIN Anton,XDS Astana Team,5,
882,565,FLYNN Sean,Team Picnic PostNL,5,
883,457,KENCH Josh,Groupama - FDJ United,5,
884,761,ERMAKOV Roman,Bahrain - Victorious,5,
885,830,SAMUDIO Carlos,Solution Tech NIPPO Rali,5,
886,660,NOVAK Domen,UAE Team Emirates - XRG,5,
888,1531,MEO Felix James,Solution Tech NIPPO Rali,5,
889,1469,VIVIANI Attilio,Solution Tech NIPPO Rali,5,
892,1221,QUINTERO Juan Diego,Petrolike,5,
895,393,ZIJLAARD Maikel,Tudor Pro Cycling Team,4,
896,1118,DESAL Ceriel,Soudal Quick-Step Devo Team,4,
897,753,RAFFERTY Darren,EF Education - EasyPost,4,
898,714,SIMMONS Colby,EF Education - EasyPost,4,
906,335,DOUBEY Fabien,TotalEnergies,4,
907,1012,MEEHAN Jamie,Cofidis,4,
908,997,PROĆ Bartłomiej,Wibatech Lubelskie Perła Polski,4,
909,754,OKAMIKA Ander,Burgos Burpellet BH,4,
910,675,MARRIAGE Zac,NSN Development Team,4,
911,1795,LORELLO Riccardo,S.C. Padovani Polo Cherry Bank,4,
913,1446,BORRESCH Julian,REMBE | rad-net,4,
918,2002,VAN DER WERFF Thom,Development Team Picnic PostNL,4,
919,1013,VAN TRICHT Stan,Soudal Quick-Step Devo Team,4,
920,499,PRADES Benjamín,VC Fukuoka,4,
921,340,BOGUSŁAWSKI Marceli,ATT Investments,4,
923,826,KOTSAKIS Francisco,Plus Performance - ZEO Sport,4,
926,2374,CÁRDENAS Vicente,,4,
927,1535,RAMÍREZ Joseph Gerardo,,4,
929,1304,GOMEZ Camilo Andres,GW Erco SportFitness,3,
930,395,RAILEANU Cristian,Li Ning Star,3,
931,1742,ZAMPERINI Edoardo,Cofidis,3,
932,2315,MAINGUENAUD Tom,Nice Métropole Côte d'Azur,3,
935,667,URIARTE Diego,Equipo Kern Pharma,3,
936,959,BOUCHARD Geoffrey,TotalEnergies,3,
937,844,JUNG Woo-Ho,Seoul Cycling Team,3,
938,1685,IDERBOLD Bold,Wheeltop Rotor Chengdu Team,3,
939,811,DAVY Clément,Nice Métropole Côte d'Azur,3,
940,218,DÍAZ José Manuel,Burgos Burpellet BH,3,
941,1247,MUHOZA Eric,Team Amani,3,
943,1313,ARRIOLABENGOA Julen,Caja Rural - Seguros RGA,3,
944,2406,MARTINSEN Toralf Rydningen,Team Drali - Repsol,3,
945,921,SMITH William,Team Visma | Lease a Bike Development,3,
946,848,ÁLVAREZ Rodrigo,Burgos Burpellet BH,3,
947,425,LEROUX Samuel,TotalEnergies,3,
948,534,MEIJERS Jeroen,Victoria Sports Pro Cycling,3,
949,1576,SANCHO José Pablo,,3,
950,1556,TORRES Edwin Yair,Lotería del Táchira Servitel,2,
951,1450,OBANDO Bryan Raul,GW Erco SportFitness,2,
955,1219,SANTY Arne,Tarteletto - Isorex,2,
956,444,NICOLAU Joel,Caja Rural - Seguros RGA,2,
957,331,EIKING Odd Christian,Unibet Rose Rockets,2,
958,658,EPIS Giosuè,Petrolike,2,
959,1086,BÉNÉTEAU Lucas,St Michel - Preference Home - Auber93,2,
960,1665,NENCINI Tommaso,Solution Tech NIPPO Rali,2,
961,1246,LIM Jongwon,LX Cycling Team,2,
965,1977,CHAKAZA Amos,,2,
966,1865,SCHUTTE Ryno,,2,
967,2093,JAMAICA Javier Ernesto,Nu Colombia,2,
968,955,PÉREZ Ciro,AVC Aix Provence Dole,2,
970,782,FAURA José Luis,Burgos Burpellet BH,2,
971,511,PETER Jannis,Unibet Rose Rockets,2,
972,612,HOBBS Noah,EF Education - EasyPost,2,
974,1488,VALJAVEC Erazem,Soudal Quick-Step Devo Team,2,
975,1724,SAMBINELLO Enea,UAE Team Emirates Gen Z,2,
980,827,MEDHANIE Natan,,2,
981,527,COVILI Luca,Bardiani CSF 7 Saber,2,
983,1220,DUNWOODY Seth,Bahrain Victorious Development Team,2,
984,1922,GUILLEMETTE Mathias,Tudor Pro Cycling Team U23,2,
985,1271,HOOGENDOORN Roy,Metec - SOLARWATT p/b Mantel,2,
986,1464,KAMBERAJ Valentino,Team Skyline,2,
987,1009,ROTTMANN Jonathan Malte,Team Lotto Kern-Haus Outlet Montabaur,2,
989,2519,WIGGINS Ben,Hagens Berman Jayco,2,
993,1484,FANTINI Christian,Solme - Olmo - Arvedi,2,
996,1671,METZGER Gabriel,,2,
998,2499,GOMEZ Nicolas David,GW Erco SportFitness,1,
1000,1956,KLAHAN Noppachai,Thailand Continental Cycling Team,1,
1001,837,MILTIADIS Andreas,Quick Pro Team,1,
1002,382,PITA Cristian David,Roojai Insurance Winspace,1,
1004,880,PESENTI Thomas,Team Polti VisitMalta,1,
1005,1813,TORNEY Artuur,Team Flanders - Baloise,1,
1006,1321,RETEGI Mikel,Equipo Kern Pharma,1,
1009,2345,HANGA Petrus,,1,
1010,720,FRĄTCZAK Radosław,Wibatech Lubelskie Perła Polski,1,
1011,2353,GORDGE Kieran,Hagens Berman Jayco,1,
1012,1029,PEÑA Wilson Estiben,Team Sistecredito,1,
1014,2266,ALTANGEREL Davaajargal,Shenzhen Kung Cycling Team,1,
1015,543,TORRES Pablo,UAE Team Emirates - XRG,1,
1017,926,ROYAN Muhammad Andy,Nusantara Cycling Team,1,
1018,1155,KAM Chin Pok,China Anta - Mentech Cycling Team,1,
1019,1473,CONTTE Tomas,Aviludo - Louletano - Loulé,1,
1020,1064,MESA Santiago,Anicolor / Campicarn,1,
1023,746,GUATIBONZA Jonathan,Movistar Team Academy,1,
1025,1747,HLADY Gavin,EF Education - Aevolo,1,
1026,1566,MENGHINI Alessio,Team Technipes #inEmiliaRomagna Caffè Borbone,1,
1027,1769,HOYOS Angel Jesus,Pío Rico Cycling Team,1,
1028,1431,VAN DEN BOER Seppe,Tudor Pro Cycling Team U23,1,
1030,2407,STIEGER Adrian,Schwingshandl Intralogistics,1,
1032,976,KURITS Karl,Lucky Sport Cycling Team,1,
1033,1738,ARRIAGADA Cristian,,1,
1037,1282,FRANCISCO Jude Gabriel,Victoria Sports Pro Cycling,1,
1038,1185,KUROEDA Shiki,Sparkle Oita Racing Team,1,
1040,1847,BRICENO Jaylen,L39ION of Los Angeles,1,
1041,509,PEÑUELA Francisco Joel,Caja Rural - Seguros RGA,1,
1042,1466,FIETZKE Paul,Red Bull - BORA - hansgrohe Rookies,1,
